Acate,Ragusa
Aci Bonaccorsi,Catania
Aci Castello,Catania
Aci Catena,Catania
Aci Sant'Antonio,Catania
Acireale,Catania
Acquaviva Platani,Caltanissetta
Acquedolci,Messina
Adrano,Catania
Agira,Enna
Agrigento,Agrigento
Aidone,Enna
Alcamo,Trapani
Alcara Li Fusi,Messina
Alessandria della Rocca,Agrigento
Alia,Palermo
Alimena,Palermo
Aliminusa,Palermo
Altavilla Milicia,Palermo
Altofonte,Palermo
Alì,Messina
Alì Terme,Messina
Antillo,Messina
Aragona,Agrigento
Assoro,Enna
Augusta,Siracusa
Avola,Siracusa
Bagheria,Palermo
Balestrate,Palermo
Barcellona Pozzo di Gotto,Messina
Barrafranca,Enna
Basicò,Messina
Baucina,Palermo
Belmonte Mezzagno,Palermo
Belpasso,Catania
Biancavilla,Catania
Bisacquino,Palermo
Bivona,Agrigento
Blufi,Palermo
Bolognetta,Palermo
Bompensiere,Caltanissetta
Bompietro,Palermo
Borgetto,Palermo
Brolo,Messina
Bronte,Catania
Buccheri,Siracusa
Burgio,Agrigento
Buscemi,Siracusa
Buseto Palizzolo,Trapani
Butera,Caltanissetta
Caccamo,Palermo
Calamonaci,Agrigento
Calascibetta,Enna
Calatabiano,Catania
Calatafimi Segesta,Trapani
Caltabellotta,Agrigento
Caltagirone,Catania
Caltanissetta,Caltanissetta
Caltavuturo,Palermo
Camastra,Agrigento
Cammarata,Agrigento
Campobello di Licata,Agrigento
Campobello di Mazara,Trapani
Campofelice di Fitalia,Palermo
Campofelice di Roccella,Palermo
Campofiorito,Palermo
Campofranco,Caltanissetta
Camporeale,Palermo
Camporotondo Etneo,Catania
Canicattini Bagni,Siracusa
Canicattì,Agrigento
Capaci,Palermo
Capizzi,Messina
Capo d'Orlando,Messina
Capri Leone,Messina
Carini,Palermo
Carlentini,Siracusa
Caronia,Messina
Casalvecchio Siculo,Messina
Cassaro,Siracusa
Castel di Iudica,Catania
Castel di Lucio,Messina
Castelbuono,Palermo
Casteldaccia,Palermo
Castell'Umberto,Messina
Castellammare del Golfo,Trapani
Castellana Sicula,Palermo
Castelmola,Messina
Casteltermini,Agrigento
Castelvetrano,Trapani
Castiglione di Sicilia,Catania
Castrofilippo,Agrigento
Castronovo di Sicilia,Palermo
Castroreale,Messina
Catania,Catania
Catenanuova,Enna
Cattolica Eraclea,Agrigento
Cefalà Diana,Palermo
Cefalù,Palermo
Centuripe,Enna
Cerami,Enna
Cerda,Palermo
Cesarò,Messina
Chiaramonte Gulfi,Ragusa
Chiusa Sclafani,Palermo
Cianciana,Agrigento
Ciminna,Palermo
Cinisi,Palermo
Collesano,Palermo
Comiso,Ragusa
Comitini,Agrigento
Condrò,Messina
Contessa Entellina,Palermo
Corleone,Palermo
Custonaci,Trapani
Delia,Caltanissetta
Enna,Enna
Erice,Trapani
Falcone,Messina
Favara,Agrigento
Favignana,Trapani
Ferla,Siracusa
Ficarazzi,Palermo
Ficarra,Messina
Fiumedinisi,Messina
Fiumefreddo di Sicilia,Catania
Floresta,Messina
Floridia,Siracusa
Fondachelli-Fantina,Messina
Forza d'Agrò,Messina
Francavilla di Sicilia,Messina
Francofonte,Siracusa
Frazzanò,Messina
Furci Siculo,Messina
Furnari,Messina
Gaggi,Messina
Gagliano Castelferrato,Enna
Galati Mamertino,Messina
Gallodoro,Messina
Gangi,Palermo
Gela,Caltanissetta
Geraci Siculo,Palermo
Giardinello,Palermo
Giardini-Naxos,Messina
Giarratana,Ragusa
Giarre,Catania
Gibellina,Trapani
Gioiosa Marea,Messina
Giuliana,Palermo
Godrano,Palermo
Grammichele,Catania
Graniti,Messina
Gratteri,Palermo
Gravina di Catania,Catania
Grotte,Agrigento
Gualtieri Sicaminò,Messina
Isnello,Palermo
Isola delle Femmine,Palermo
Ispica,Ragusa
Itala,Messina
Joppolo Giancaxio,Agrigento
Lampedusa e Linosa,Agrigento
Lascari,Palermo
Leni,Messina
Lentini,Siracusa
Leonforte,Enna
Lercara Friddi,Palermo
Letojanni,Messina
Librizzi,Messina
Licata,Agrigento
Licodia Eubea,Catania
Limina,Messina
Linguaglossa,Catania
Lipari,Messina
Longi,Messina
Lucca Sicula,Agrigento
Maletto,Catania
Malfa,Messina
Malvagna,Messina
Mandanici,Messina
Maniace,Catania
Marianopoli,Caltanissetta
Marineo,Palermo
Marsala,Trapani
Mascali,Catania
Mascalucia,Catania
Mazara del Vallo,Trapani
Mazzarino,Caltanissetta
Mazzarrone,Catania
Mazzarrà Sant'Andrea,Messina
Melilli,Siracusa
Menfi,Agrigento
Merì,Messina
Messina,Messina
Mezzojuso,Palermo
Milazzo,Messina
Milena,Caltanissetta
Militello in Val di Catania,Catania
Militello Rosmarino,Messina
Milo,Catania
Mineo,Catania
Mirabella Imbaccari,Catania
Mirto,Messina
Misilmeri,Palermo
Misterbianco,Catania
Mistretta,Messina
Modica,Ragusa
Mojo Alcantara,Messina
Monforte San Giorgio,Messina
Mongiuffi Melia,Messina
Monreale,Palermo
Montagnareale,Messina
Montalbano Elicona,Messina
Montallegro,Agrigento
Montedoro,Caltanissetta
Montelepre,Palermo
Montemaggiore Belsito,Palermo
Monterosso Almo,Ragusa
Montevago,Agrigento
Motta Camastra,Messina
Motta d'Affermo,Messina
Motta Sant'Anastasia,Catania
Mussomeli,Caltanissetta
Naro,Agrigento
Naso,Messina
Nicolosi,Catania
Nicosia,Enna
Niscemi,Caltanissetta
Nissoria,Enna
Nizza di Sicilia,Messina
Noto,Siracusa
Novara di Sicilia,Messina
Oliveri,Messina
Pace del Mela,Messina
Paceco,Trapani
Pachino,Siracusa
Pagliara,Messina
Palagonia,Catania
Palazzo Adriano,Palermo
Palazzolo Acreide,Siracusa
Palermo,Palermo
Palma di Montechiaro,Agrigento
Pantelleria,Trapani
Partanna,Trapani
Partinico,Palermo
Paternò,Catania
Patti,Messina
Pedara,Catania
Petralia Soprana,Palermo
Petralia Sottana,Palermo
Petrosino,Trapani
Pettineo,Messina
Piana degli Albanesi,Palermo
Piazza Armerina,Enna
Piedimonte Etneo,Catania
Pietraperzia,Enna
Piraino,Messina
Poggioreale,Trapani
Polizzi Generosa,Palermo
Pollina,Palermo
Porto Empedocle,Agrigento
Portopalo di Capo Passero,Siracusa
Pozzallo,Ragusa
Priolo Gargallo,Siracusa
Prizzi,Palermo
Racalmuto,Agrigento
Raccuja,Messina
Raddusa,Catania
Raffadali,Agrigento
Ragalna,Catania
Ragusa,Ragusa
Ramacca,Catania
Randazzo,Catania
Ravanusa,Agrigento
Realmonte,Agrigento
Regalbuto,Enna
Reitano,Messina
Resuttano,Caltanissetta
Ribera,Agrigento
Riesi,Caltanissetta
Riposto,Catania
Roccafiorita,Messina
Roccalumera,Messina
Roccamena,Palermo
Roccapalumba,Palermo
Roccavaldina,Messina
Roccella Valdemone,Messina
Rodì Milici,Messina
Rometta,Messina
Rosolini,Siracusa
Salaparuta,Trapani
Salemi,Trapani
Sambuca di Sicilia,Agrigento
San Biagio Platani,Agrigento
San Cataldo,Caltanissetta
San Cipirello,Palermo
San Cono,Catania
San Filippo del Mela,Messina
San Fratello,Messina
San Giovanni Gemini,Agrigento
San Giovanni la Punta,Catania
San Giuseppe Jato,Palermo
San Gregorio di Catania,Catania
San Marco d'Alunzio,Messina
San Mauro Castelverde,Palermo
San Michele di Ganzaria,Catania
San Pier Niceto,Messina
San Piero Patti,Messina
San Pietro Clarenza,Catania
San Salvatore di Fitalia,Messina
San Teodoro,Messina
San Vito Lo Capo,Trapani
Sant'Agata di Militello,Messina
Sant'Agata li Battiati,Catania
Sant'Alessio Siculo,Messina
Sant'Alfio,Catania
Sant'Angelo di Brolo,Messina
Sant'Angelo Muxaro,Agrigento
Santa Caterina Villarmosa,Caltanissetta
Santa Cristina Gela,Palermo
Santa Croce Camerina,Ragusa
Santa Domenica Vittoria,Messina
Santa Elisabetta,Agrigento
Santa Flavia,Palermo
Santa Lucia del Mela,Messina
Santa Margherita di Belice,Agrigento
Santa Maria di Licodia,Catania
Santa Marina Salina,Messina
Santa Ninfa,Trapani
Santa Teresa di Riva,Messina
Santa Venerina,Catania
Santo Stefano di Camastra,Messina
Santo Stefano Quisquina,Agrigento
Saponara,Messina
Savoca,Messina
Scaletta Zanclea,Messina
Sciacca,Agrigento
Sciara,Palermo
Scicli,Ragusa
Scillato,Palermo
Sclafani Bagni,Palermo
Scordia,Catania
Serradifalco,Caltanissetta
Siculiana,Agrigento
Sinagra,Messina
Siracusa,Siracusa
Solarino,Siracusa
Sommatino,Caltanissetta
Sortino,Siracusa
Spadafora,Messina
Sperlinga,Enna
Sutera,Caltanissetta
Taormina,Messina
Terme Vigliatore,Messina
Termini Imerese,Palermo
Terrasini,Palermo
Torregrotta,Messina
Torrenova,Messina
Torretta,Palermo
Tortorici,Messina
Trabia,Palermo
Trapani,Trapani
Trappeto,Palermo
Trecastagni,Catania
Tremestieri Etneo,Catania
Tripi,Messina
Troina,Enna
Tusa,Messina
Ucria,Messina
Ustica,Palermo
Valderice,Trapani
Valdina,Messina
Valguarnera Caropepe,Enna
Valledolmo,Palermo
Vallelunga Pratameno,Caltanissetta
Valverde,Catania
Venetico,Messina
Ventimiglia di Sicilia,Palermo
Viagrande,Catania
Vicari,Palermo
Villabate,Palermo
Villafranca Sicula,Agrigento
Villafranca Tirrena,Messina
Villafrati,Palermo
Villalba,Caltanissetta
Villarosa,Enna
Vita,Trapani
Vittoria,Ragusa
Vizzini,Catania
Zafferana Etnea,Catania
Syracuse,Siracusa